plot_id,subplot,dbh,gesp,notes
LHNA,1,20.1,QURU,
LHNA,1,12.3,FAGR,
LHNA,1,36.9,ACRU,
LHNA,1,31,ACRU,
LHNA,1,36.6,ACRU,
LHNA,1,10,SNAG,
LHNA,1,53.7,PIRU,Originally marked Mariana
LHNA,1,17.9,TSCA,
LHNA,2,22.1,ACRU,
LHNA,2,27.5,ACRU,
LHNA,2,10.8,PIST,
LHNA,2,44.7,SNAG,Ash
LHNA,2,58.8,SNAG,
LHNA,2,14.5,FAGR,
LHNA,2,10.9,FAGR,
LHNA,3,48.2,PIST,
LHNA,3,28.5,TSCA,
LHNA,3,16.6,BELE,
LHNA,3,10.6,ACRU,
LHNA,3,70.6,PIST,
LHNA,3,71.2,PIST,
LHNA,3,14.8,FAGR,
LHNB,1,14.2,ACRU,Bulge - grew around a vine
LHNB,1,18,ACRU,
LHNB,1,13.7,ACRU,
LHNB,1,15.1,FAGR,Bark & leaf disease
LHNB,1,10.3,ACRU,
LHNB,1,12.2,ACRU,
LHNB,1,19.2,BEPA,
LHNB,1,19.7,QURU,
LHNB,1,20,ACRU,
LHNB,1,13.3,BEAL,
LHNB,1,15.6,FAGR,
LHNB,1,14.2,BEAL,
LHNB,1,11.2,ACRU,
LHNB,2,11.6,ACRU,
LHNB,2,23.8,BEAL,Originally marked Papyrifera
LHNB,2,12.3,CACA,American Hornbeam
LHNB,2,12.7,FAGR,Bark & leaf disease
LHNB,2,51.7,PIST,
LHNB,2,52.8,SNAG,Ash
LHNB,2,16,FAGR,Bark & leaf disease
LHNB,2,13.6,Red Maple,Liana
LHNB,3,20.1,FAGR,Bark & leaf disease
LHNB,3,13.1,PIRU,Originally marked Mariana
LHNB,3,13.9,PIRU,Originally marked Mariana
LHNB,3,11.1,ACRU,
LHNB,3,10.8,SNAG,Spruce
LHNB,3,40.3,PIST,
LHNB,3,85.1,QURU,
LHNB,3,10.2,TSCA,light adelgid
LHGA,1,13.4,BEAL,
LHGA,1,10.1,BEPO,
LHGA,1,12.2,ACRU,
LHGA,2,12,ACRU,
LHGA,2,21.2,ACRU,
LHGA,2,10.1,ACRU,
LHGA,3,17,BEAL,
LHGA,3,38,ACRU,
LHGA,3,48.3,ACRU,
LHGA,3,14.8,BEPO,small liana
LHGA,3,20.3,SNAG,ash
LHGA,3,51.3,SNAG,ash
GCNA,1,17.7,BEAL,
GCNA,1,12.8,BEEL,
GCNA,1,70.1,PIST,
GCNA,1,20.1,BELE,
GCNA,1,15.2,BEAL,
GCNA,1,16.7,BEAL,
GCNA,1,29.8,QURU,
GCNA,1,19.6,ACRU,
GCNA,1,13.3,ACPE,
GCNA,1,15.9,ACRU,
GCNA,2,21.5,SNAG,Broken top
GCNA,2,21.1,BELE,
GCNA,2,26.6,ACRU,
GCNA,3,26.9,ACRU,
GCNA,3,11.1,BEAL,
GCNA,3,22,ACRU,
GCNA,3,19.2,ACRU,
GCNA,3,10.1,FAGR,
GCNA,3,10.7,FAGR,
GCNA,3,16,ACRU,
GCNA,3,24.7,ACRU,
GCNA,3,28,SNAG,Broken top
GCNB,1,17.1,BELE,
GCNB,1,22.8,SNAG,PRSE
GCNB,1,27.3,SNAG,PRSE
GCNB,1,19.9,QURU,
GCNB,1,19.5,ACRU,
GCNB,1,14.4,ACRU,
GCNB,2,12.9,BEAL,
GCNB,2,12.1,PIST,
GCNB,2,55.7,QURU,
GCNB,2,18.3,PIST,
GCNB,2,11.2,BELE,
GCNB,2,45.9,QURU,
GCNB,2,46.1,QURU,
GCNB,2,13.5,BELE,
GCNB,2,34,ACRU,
GCNB,2,10,BELE,
GCNB,3,44.3,QURU,
GCNB,3,29.8,QURU,
GCNB,3,14.1,ACRU,Measured a little low
GCNB,3,43.4,QURU,
GCNC,1,10,BELE,
GCNC,1,37.5,QURU,
GCNC,1,59.1,QURU,
GCNC,1,47.1,QURU,
GCNC,1,10,BELE,
GCNC,1,11.3,BELE,
GCNC,1,42,QURU,
GCNC,2,37.2,QURU,
GCNC,2,10.9,BELE,
GCNC,2,53.1,QURU,
GCNC,2,14.8,SNAG,Broken top
GCNC,2,11.5,BELE,
GCNC,2,26.8,ACRU,Measured lower
GCNC,2,42.9,QURU,
GCNC,3,31.6,QURU,
GCNC,3,31.6,QURU,
GCNC,3,10.4,BELE,
GCNC,3,10,FAGR,
GCEA,1,61.8,QURU,Outside fence
GCEA,1,45.8,QURU,
GCEA,2,37.8,QURU,
GCEA,2,62.7,QURU,
GCEA,2,16.1,ACRU,
GCEA,3,39.2,QURU,
GCEA,3,16.2,ACRU,
GCPA,1,13.1,BELE,
GCPA,1,12.5,BELE,
GCPA,1,10.5,BELE,
GCPA,1,13,PRSE,
GCPA,1,12.7,PRSE,
GCPA,1,13.2,PRSE,
GCPA,1,12.4,BELE,
GCPA,1,11.3,BELE,
GCPA,1,11.2,PRSE,
GCPA,1,10.6,BELE,
GCPA,1,10.3,BELE,
GCPA,1,11.4,PRSE,
GCPA,1,12.1,PRSE,
GCPA,1,35.2,ACRU,
GCPA,2,14.9,ACRU,
GCPA,2,13.3,POGR,
GCPA,2,14.7,ACRU,
GCPA,2,10.5,POGR,
GCPA,2,10.2,PRSE,
GCPA,2,11.3,PRSE,
GCPA,2,10.7,ACRU,
GCPA,2,11.5,PRSE,
GCPA,2,11.7,POGR,
GCPA,2,10.2,ACRU,
GCPA,3,11.1,BELE,
GCPA,3,10.2,ACRU,
GCPA,3,11.4,SNAG,
GCPA,3,11,SNAG,
GCPA,3,14.2,QUAL,small liana
GCPA,3,11.9,QUAL,small liana
GCPA,3,11.8,ACRU,
GCPA,3,17.2,ACRU,
GCPA,3,23,ACRU,small liana
GCPA,3,16.8,ACRU,
GCPA,3,15.5,ACRU,measured 4cm low
GCPB,1,13.5,QUAL,
GCPB,2,15.5,PRSE,Bittersweet on tree
GCPB,2,16.5,PRSE,
GCPB,2,12.4,PRSE,
GCPB,2,12,PRSE,
GCPB,2,10.5,PRSE,
GCPB,2,11.6,PRSE,
GCPB,2,11.5,PRSE,Bittersweet in crown
GCPB,2,10.3,ACRU,
GCPB,3,11.8,ACRU,
GCPB,3,11.9,ACRU,
GCPB,3,13.9,ACRU,
GCPB,3,13.4,PRSE,Lots of liana
GCPB,3,10.3,ACRU,
GCPB,3,13.5,PRSE,Leaning horizontally
BRA,1,10.7,ACRU,In 10-stem group
BRA,1,65,SNAG,10+ years old
BRA,1,12.1,TSCA,10% crown
BRA,1,15.8,BEAL,
BRA,1,27.2,SNAG,"PIST, 2+ years old"
BRA,1,24.5,SNAG,"PIST, 5+ years old"
BRA,2,40.1,QURU,
BRA,2,11.8,TSCA,60% crown
BRA,2,19.8,QURU,
BRA,2,22.1,TSCA,50% crown
BRA,2,26.9,QURU,
BRA,2,40.8,QURU,
BRA,2,12.8,ACRU,
BRA,2,17.1,PIST,little bit of needle left
BRA,2,34.1,QURU,
BRA,2,15.4,SNAG,"ACRU, 10+ years old"
BRA,3,56.8,QURU,
BRA,3,10.2,ACRU,
BRA,3,12.5,TSCA,5+ years old
BRA,3,26.5,SNAG,
BRA,3,30.1,FRAM,
BRA,3,23,FRAM,
BRA,3,41.4,QURU,
BRA,3,15.5,TSCA,50% crown
BRA,3,11.1,FAGR,leaf disease
BRA,3,45.8,QURU,
BRB,1,18.1,QURU,
BRB,1,24.4,QURU,
BRB,1,36.4,TSCA,60% canopy
BRB,1,17.1,TSCA,5% canopy
BRB,1,18.4,TSCA,10% canopy
BRB,1,31,BEAL,
BRB,1,11.5,BELA,
BRB,1,45.9,QURU,
BRB,1,15.2,SNAG,"Birch, <5 years"
BRB,1,15.3,BELA,
BRB,1,87.3,QURU,
BRB,2,14.6,BELA,
BRB,2,26.4,BELA,
BRB,2,44.2,QURU,
BRB,2,11.2,SNAG,"Birch, <5 years"
BRB,2,27,BEAL,forked stem
BRB,2,39.5,BEAL,forked stem
BRB,2,10.4,SNAG,>5 years; no bark
BRB,3,27.8,QURU,
BRB,3,34.2,ACRU,
BRC,1,14.2,ACRU,
BRC,1,10.8,SNAG,5 years old
BRC,1,22.9,SNAG,"Ash, 1-2 years old"
BRC,1,25.7,PIST,
BRC,1,15.5,ACRU,
BRC,1,31.8,TSCA,
BRC,1,19.2,ACRU,leaning towards road
BRC,1,13.5,ACRU,
BRC,1,12.2,ACRU,
BRC,1,20,BEAL,leaning towards road
BRC,1,19.5,BEAL,
BRC,1,20.5,SNAG,"PIST, 5+ years old"
BRC,1,11.8,ACRU,slight lean towards road
BRC,1,22.4,ACRU,
BRC,2,32.3,ACRU,
BRC,2,14,TSCA,
BRC,2,25.4,ACRU,
BRC,2,30.5,PIST,
BRC,2,24.8,PIST,
BRC,2,14.4,TSCA,
BRC,2,11.1,ACRU,
BRC,3,34.4,PIST,
BRC,3,30.9,PIST,
BRC,3,11.7,ACRY,
BRC,3,31.4,PIST,
BRC,3,24,SNAG,1-2 years old
BRC,3,30.6,PIST,
BRC,3,17,ACRU,
BRC,3,40.9,PIST,
BRD,1,36.2,QURU,
BRD,1,12.3,TSCA,10% crown
BRD,1,31.2,PIST,
BRD,1,34.7,PIST,
BRD,1,42.8,TSCA,20% crown
BRD,1,21.6,ACRU,
BRD,1,29.6,TSCA,60% crown
BRD,1,17.5,ACRU,
BRD,1,37.7,QURU,
BRD,1,11.7,ACRU,
BRD,2,32.1,QURU,
BRD,2,12.3,ACRU,
BRD,2,22.6,PIST,
BRD,2,33.1,QURU,
BRD,2,16.1,SNAG,oak; most bark gone
BRD,2,15.2,ACRU,
BRD,2,41.1,QURU,
BRD,2,10.4,PIST,
BRD,2,11.8,SNAG,maple; most bark on
BRD,2,20.4,SNAG,oak; with bark and leaves
BRD,2,17.7,SNAG,PIST; bark on
BRD,2,12.8,SNAG,PIST; bark on
BRD,3,14.7,TSCA,80% crown; double stem
BRD,3,21.2,TSCA,80% crown; double stem
BRD,3,20.5,BEAL,
BRD,3,33.5,QURU,
BRD,3,28.4,QURU,
BRD,3,10,ACRU,
BRD,3,24,QURU,
BRD,3,32,QURU,
BRE,1,25.9,TSCA,40% crown
BRE,1,20.3,ACRU,
BRE,1,10.6,ACRU,
BRE,1,20.9,ACRU,
BRE,1,23.7,ACRU,
BRE,1,10.4,QURU,
BRE,1,27.9,QURU,
BRE,1,15.8,PIST,almost dead
BRE,1,20.7,SNAG,"ash, has all bark"
BRE,1,24.5,SNAG,"ash, has all bark"
BRE,1,22.6,SNAG,"ash, has all bark"
BRE,1,19.3,ACRU,measured below swell
BRE,1,12.6,SNAG,"ash, has all bark"
BRE,1,15.4,SNAG,"ash, has all bark"
BRE,1,24.3,SNAG,"birch, no branches"
BRE,1,10.4,SNAG,"ash, all bark on"
BRE,2,26.9,SNAG,"ash, all bark on"
BRE,2,11.1,ACRU,
BRE,2,41.5,QURU,
BRE,2,22.6,SNAG,"birch, no branches"
BRE,3,13.8,ACRU,
BRE,3,28.3,ACRU,
BRE,3,28.8,ACRU,
BRE,3,11.3,ACRU,
BRE,3,54.5,QURU,
BRE,3,30.4,ACRU,
BRE,3,20.3,ACRU,
BRE,3,20.1,ACRU,
BRF,1,21.9,PIST,
BRF,1,18.2,CAGL,
BRF,1,22.6,PIST,
BRF,1,13.8,PIST,
BRF,1,12.3,ACRU,
BRF,1,40.9,QURU,
BRF,1,43.9,QURU,
BRF,1,20.8,ACRU,
BRF,2,11.3,CAGL,
BRF,2,14.7,SNAG,"PIST; broken top, bark 50%"
BRF,2,21.8,QURU,
BRF,2,50.9,QURU,
BRF,2,26.8,QURU,
BRF,2,18.3,BELA,
BRF,3,18.3,SNAG,"Ash; no branches, bark 100%"
BRF,3,25.2,ACRU,
BRF,3,19,SNAG,PIST; fine branches gone; 75% bark
BRG,1,45.5,QURU,
BRG,1,22.3,ACRU,
BRG,1,18.5,ACRU,
BRG,1,14.3,ACRU,measured below swelling
BRG,1,12.2,TSCA,
BRG,1,10.1,CAGL,
BRG,1,19.6,TSCA,
BRG,1,21,ACRU,
BRG,1,13.7,TSCA,
BRG,1,13.1,ACRU,
BRG,1,52.4,QURU,
BRG,1,41,SNAG,"oak, no bark"
BRG,1,13.8,CAGL,
BRG,2,12.8,SNAG,"oak, 50% bark"
BRG,2,18.6,ACRU,hollow at breast height
BRG,2,12.2,SNAG,"maple, 60% bark"
BRG,2,12,SNAG,"ash, 90% bark"
BRG,2,19,SNAG,"ash, 90% bark"
BRG,2,17.4,TSCA,80% crown
BRG,2,19.8,ACRU,
BRG,2,22.1,SNAG,"ash, 90% bark, no branches"
BRG,3,10.5,CAGL,
BRG,3,31.5,PIST,
BRG,3,40.4,PIST,
BRG,3,17.2,TSCA,
BRG,3,15.4,CAGL,
WHWA,1,53.4,QURU,outside wall
WHWA,1,64.2,ACRU,outside wall; second stem broke off leaving a large scar/hollow at base
WHWA,1,14.2,ACSA,
WHWA,1,38.1,TSCA,
WHWA,1,34.9,TSCA,
WHWA,1,12.6,TSCA,
WHWA,1,13.3,CAOV,shagbark hickory
WHWA,1,32.2,CAOV,
WHWA,1,40,SNAG,"maple; no fine branches, 100% bark"
WHWA,1,47.3,CAOV,
WHWA,2,29.1,TSCA,10% crown
WHWA,2,34.5,TSCA,50% crown
WHWA,2,26.6,TSCA,25% crown
WHWA,2,43.7,CAOV,"measured high, above swell"
WHWA,2,38.4,CAOV,
WHWA,3,51.8,CAOV,
WHWA,3,13.3,QURU,
WHWA,3,12.1,ACRU,
WHWA,3,18.1,SNAG,"100% bark, no branches"
WHWA,3,26.1,FRAM,
WHWA,3,13.9,PRSE,
WHWA,3,35.7,TSCA,
WHWA,3,30.4,TSCA,
WHWA,2,38.4,CAOV,
WHWB,1,35.4,CAOV,
WHWB,1,31.5,TSCA,
WHWB,1,21.9,PIST,
WHWB,1,34.3,TSCA,
WHWB,1,12.8,SNAG,"PIST, 25% bark"
WHWB,1,11.6,ACRU,
WHWB,1,11.1,ACRU,leaning towards stone wall at edge
WHWB,1,12.4,TSCA,
WHWB,1,38.8,CAOV,
WHWB,1,11.6,TSCA,10% crown 
WHWB,1,11,TSCA,10% crown 
WHWB,1,26.7,PIST,5% needles left
WHWB,1,11,TSCA,30% crown
WHWB,1,10,TSCA,60% crown
WHWB,1,12.7,ACRU,
WHWB,2,16.5,TSCA,60% crown
WHWB,2,12.5,SNAG,"PIST, 5% bark"
WHWB,2,84.7,PIST,
WHWB,2,24.5,TSCA,66% crown
WHWB,3,32.8,TSCA,
WHWB,3,43.6,PIST,
WHWB,3,70.1,ACSA,measured under swelling
WHWB,3,32.6,SNAG,"cherry, no branches"
WHWB,3,43.2,COAV,measured high
WHWB,3,21.5,BELE,
WHWC,1,41.1,ACRU,broken top
WHWC,1,67.5,QURU,
WHWC,1,28.1,ACRU,wet feet
WHWC,1,21.9,ACRU,
WHWC,1,33.1,SNAG,Maple; broken top
WHWC,1,20.6,FRAM,
WHWC,2,23,ACRU,
WHWC,2,27,TSCA,30% crown
WHWC,2,10.5,TSCA,wet feet
WHWC,2,32.8,BELE,wet feet
WHWC,2,22,TSCA,
WHWC,2,30.8,BELE,
WHWC,2,29.2,TSCA,
WHWC,3,29.8,CAGL,
WHWC,3,65.6,ACSA,
WHWC,3,30.4,BELE,
WHWC,3,23.3,SNAG,"Ash; 100% bark, large branches"